ano,ocupado,contribui_prev,sexo,cor,idade,renda_trabalho,peso
2022,1,0,1,2,45,849.1831726338817,1.0133323467669995
2019,1,1,2,3,22,1247.973374423753,1.707599243897225
2022,1,0,1,1,30,427.0971894699208,1.1713343901690183
2022,1,1,1,1,34,555.5008687820475,1.2186541622431253
2022,1,0,1,1,57,2540.940928130859,2.1418901586863925
2022,1,1,2,1,62,692.4070496496893,2.9213433292497304
2019,1,0,1,1,49,526.9798497925728,2.009093001398438
2022,1,1,1,1,46,1596.6403618515099,0.6924486676624158
2022,1,0,1,1,20,2514.9115382673963,0.6889590346351675
2019,1,1,2,2,57,1813.959524289476,2.878558052113915
2022,1,1,1,3,51,2202.2467760716927,1.243226975768334
2022,1,1,1,1,57,645.6408813613757,0.7301674652061886
2022,1,0,1,2,44,405.3425585909841,1.997611467875954
2022,1,1,1,2,30,3136.7219115616035,2.059121945725665
2019,1,1,2,3,62,874.9127025013426,2.1212620502967203
2022,1,1,1,1,50,920.0397618225257,1.1685050696438533
2019,1,0,2,3,23,2778.692852859422,0.5377767105361876
2022,1,0,2,1,41,1618.6714619887216,2.9125384236361795
2022,1,1,2,2,36,1508.8777483214967,1.1272326142277562
2022,1,0,1,2,33,4991.549399394281,2.1900657201313685
2019,1,0,2,2,57,698.9206655560165,2.266574674696774
2022,1,0,1,2,45,2099.5705224081316,2.025018542698714
2022,1,1,2,3,50,1141.28395899104,1.2822684855341207
2019,1,0,2,1,58,1323.47296585249,1.1777406344101644
2019,1,0,2,1,30,3196.8713215139974,1.9941707067567578
2019,1,1,2,3,60,1564.7557639204708,2.6652390840292286
2019,1,1,2,1,62,1598.4780796558018,2.866834322308489
2022,1,0,2,2,42,2323.326179871646,0.7647645110093941
2022,1,0,2,1,59,849.4024390053254,0.8870715314942996
2022,1,0,2,2,53,609.4477583012726,2.861840646957699
2022,1,0,1,3,44,527.7557406090724,2.3413380708369815
2019,1,1,1,1,55,276.8706383220854,2.7074845620744328
2022,1,1,2,3,24,4625.524231887039,1.006581585338358
2022,1,0,2,1,22,506.61641736205615,1.9689646777735046
2022,1,0,2,2,60,939.2883024904152,2.252848986043684
2022,1,1,1,3,62,903.4589640030175,2.200279713617432
2019,1,1,2,1,48,1359.9248073200622,1.5203792271667453
2022,1,0,1,2,40,1941.1115439510331,0.5384872292282712
2022,1,0,1,3,59,2002.860007582925,1.9573151420106578
2022,1,1,1,3,27,729.1254432555953,1.1327538479490218
2019,1,0,1,1,49,975.563058637373,1.6256356153572258
2019,1,1,1,1,60,1336.4952283865484,2.893952537709543
2022,1,1,2,1,47,921.4202334011155,1.4975882941060867
2022,1,1,2,2,56,3378.347296000356,2.599504016661067
2022,1,1,2,1,48,1546.3961931585907,0.9713515143731278
2019,1,0,2,3,35,1834.2930918824984,2.181151245062572
2022,1,0,2,3,53,1744.14002021596,2.9425173860973586
2022,1,1,1,1,19,2493.472759293526,0.7547327521823419
2022,1,1,2,1,31,1244.781250550914,0.52079985556798
2019,1,0,2,3,30,442.4014095872047,1.5839569815815358
2022,1,0,1,2,46,1450.6711149385376,0.731563707628418
2022,1,1,2,1,29,695.0961451524121,2.3709608741905783
2019,1,1,1,1,56,757.4581760888277,2.7863716596213974
2019,1,0,2,3,19,1653.178062993248,1.585052431771897
2022,1,1,1,1,49,2609.197938945735,1.1467791053886023
2019,1,1,2,2,30,1113.0843156589021,1.5860082975165244
2022,1,1,2,3,63,1361.2832619676462,2.3086195446250026
2019,1,1,1,1,44,3610.315563594535,0.5226354039509274
2019,1,0,1,3,58,1297.931634035084,1.973634973711743
2022,1,1,1,1,34,6776.243558172711,2.0332292122184477
2022,1,1,1,1,57,1629.220163377391,2.0942206172398388
2022,1,1,1,1,48,319.72654020585406,1.1050551999521931
2019,1,1,1,2,51,1858.1546206453845,2.2851318084453167
2022,1,1,1,2,41,1431.976403551423,0.728478715829441
2022,1,0,1,3,62,2704.9181386804134,0.9981758411670021
2022,1,1,2,1,52,1756.7608142642086,2.693675116636205
2022,1,0,2,1,23,995.3364405502077,2.346807876816416
2022,1,1,1,2,36,465.44374208308403,0.5343638850283632
2019,1,1,2,1,47,947.3643115553649,1.1209406509245006
2022,1,1,2,2,24,604.641476806169,1.0360162074829113
2022,1,1,2,1,27,730.4301338987709,1.1770158200924314
2019,1,1,2,3,58,1655.742591742924,1.118899425699716
2022,1,1,1,1,49,3529.5764364224665,0.6563157393571144
2022,1,0,2,1,51,1445.5860234257325,1.647351291492051
2022,1,0,1,2,45,474.7943944682546,2.331833686965413
2022,1,0,2,1,32,1497.005214560784,2.016829311793591
2022,1,0,2,1,47,2534.222190280041,2.1821791714951995
2019,1,1,2,2,54,715.62190867401,0.7028729463405978
2019,1,1,1,3,46,998.4339319132495,2.878726775441968
2019,1,0,2,3,39,1107.9666153585147,2.596229584607562
2022,1,1,1,2,21,633.0637834693115,2.512725796239157
2019,1,0,2,2,37,1726.4046771464812,2.5574595126044186
2022,1,0,1,2,49,1007.6098256553757,2.831776270331903
2022,1,1,2,2,53,1470.963210946399,1.8606349152842443
2022,1,1,1,2,21,589.1939848584769,1.0007050446690648
2019,1,1,1,3,44,807.367689592357,2.041959019631353
2019,1,1,2,3,34,1818.3175882356572,2.3572037341698477
2019,1,1,1,2,29,844.7297836353773,2.3447934833850637
2022,1,0,2,1,39,3673.406440096459,1.8036225604172003
2019,1,1,2,2,34,829.028613374478,0.6711467983339452
2022,1,1,2,1,27,1283.414403306714,1.4277823460753196
2019,1,0,2,2,18,2106.564251109044,2.801916521158393
2019,1,0,2,2,39,406.3212028934046,1.961122274393565
2022,1,1,2,3,43,319.7162333547125,1.8458298581392836
2022,1,0,2,1,35,376.9228708079321,1.172133785955484
2019,1,0,2,1,31,2653.961935296218,1.4211222997914472
2019,1,0,2,3,64,745.2347712081721,2.738365222882923
2019,1,0,2,3,46,6573.09117934411,2.1661576188170892
2022,1,1,2,3,29,738.7995808158909,2.468467566880832
2022,1,0,1,3,53,1247.8606851855411,1.6358635576691378
2019,1,1,1,1,52,3227.5446820668885,2.075618048640395
2019,1,1,2,1,29,4466.074088478722,1.1209590218580188
2022,1,1,2,2,24,4642.705251405526,2.2636520757087157
2019,1,0,2,2,46,2555.1248372259156,1.5690033342583432
2022,1,0,2,3,28,2245.85992756861,1.6063637870368639
2022,1,0,2,3,50,1660.3253638116578,2.1233058114422043
2022,1,1,2,3,23,1890.984275754011,2.8407015536723166
2022,1,1,2,2,64,745.5856363024675,0.6600158665215523
2022,1,1,2,2,32,618.4774806838539,2.561858093367519
2022,1,1,1,2,49,1094.0458360926518,1.2309577760304828
2019,1,1,2,2,28,973.4736568820894,1.6097986362659444
2022,1,1,1,2,40,798.5043101675814,0.5547833219375224
2022,1,1,2,2,43,1785.5311504353976,1.2526151945857826
2019,1,0,2,2,51,2140.326456182456,1.756578106575326
2022,1,0,1,3,63,1166.6420054546975,0.6404401933685975
2019,1,0,2,3,51,3084.8893134172245,1.7277393234579128
2022,1,1,1,3,46,493.1520873636497,2.817776572146068
2019,1,0,2,3,21,957.6078755841771,0.763483045269513
2019,1,0,2,2,34,663.9616392396002,2.411101820188761
2022,1,1,1,1,52,296.90860615100746,1.5241776334399817
2022,1,0,2,2,30,1034.9656532779277,2.137934286310845
2022,1,0,1,1,58,1007.046173431582,1.1505914949630733
2022,1,0,2,3,56,3163.4384125772594,0.8987306563533957
2019,1,1,1,2,32,1705.422533395091,0.9011565356780661
2019,1,0,1,3,46,535.4294970068368,0.6762298641078617
2019,1,1,2,2,46,4015.28977321942,0.9641167622531075
2022,1,1,2,3,28,2577.8824545641464,2.1605484624724207
2019,1,0,1,1,49,1648.248342577699,2.70422652960877
2022,1,1,2,1,19,935.8555435989609,2.5353142139779044
2022,1,1,2,1,64,560.2552784832845,2.2128357746862104
2019,1,0,2,2,31,845.1002477832099,0.7760796585277567
2022,1,1,1,1,37,2349.8905551872303,1.2229686157398745
2019,1,0,1,2,39,4101.919911372679,1.2745171883061723
2022,1,1,1,1,28,3230.1067648079406,1.124892365994053
2019,1,1,1,1,44,778.839822036784,1.7875141492743079
2022,1,0,1,2,20,500.8305381684832,1.8388845371991813
2019,1,1,1,2,34,1210.2961646782792,1.3922149379277755
2019,1,1,1,1,61,318.013057769696,1.38447289684109
2022,1,0,1,2,45,1375.0115360628208,2.5713889947652033
2022,1,0,1,1,46,988.9840356594182,2.473232120799214
2019,1,1,2,2,38,791.3769862175787,1.2694895792018641
2022,1,0,1,3,64,359.13840840260616,2.7844711096831483
2022,1,0,2,3,33,1571.0823796549616,2.882037542506265
2022,1,1,2,3,54,755.2957634716875,1.316856355075102
2019,1,1,2,3,37,483.50333621442866,1.386062371982637
2019,1,1,1,3,23,146.85070386228597,1.764085383554897
2022,1,1,1,1,36,1075.713634612518,2.8528020313341838
2022,1,1,1,3,22,3791.724158315773,2.6907985828557788
2019,1,1,1,3,20,3508.2809904466067,0.7564199064589745
2022,1,1,2,3,18,796.3450886792752,1.4818268581785405
2019,1,0,1,3,55,719.4244790699407,1.8834279743744295
2022,1,1,1,2,32,1522.5502123732267,1.75783118137885
2022,1,1,1,1,51,545.1877291831117,0.9846576698422317
2022,1,0,1,3,52,1354.5903052882304,2.6470419279203865
2019,1,1,1,3,42,1874.7979917541843,2.192351957492093
2019,1,0,2,3,41,2588.5502701341497,2.594770937129509
2019,1,1,1,1,29,1022.3837059782359,2.6469106983736803
2019,1,1,2,2,35,950.9185145177277,2.3708896341643495
2022,1,1,1,1,32,593.1291636964879,1.5980265031242933
2022,1,0,2,2,61,614.7303720071976,2.026366887538561
2019,1,1,1,3,33,935.8589546711828,0.9009135152993579
2022,1,1,1,3,44,1418.2171800390645,2.1841135436872694
2022,1,1,2,1,25,2078.723408501026,0.9481331393482019
2019,1,1,2,1,63,625.0144281586329,2.234873976275392
2022,1,1,2,2,42,3117.797176500036,1.0739954018849216
2022,1,0,1,2,34,907.0644257316701,0.7938782503755499
2019,1,1,2,1,46,1080.3527573423803,0.9132112253573936
2022,1,1,1,2,25,649.9866502465379,0.5049803380476756
2022,1,1,1,1,32,200.94511635415836,2.2968490446338254
2022,1,0,2,2,44,2036.1820260932327,2.331002622645948
2019,1,1,2,1,63,1836.819326616389,1.7873333747831486
2019,1,1,1,1,24,900.6085576767491,0.9034070026384593
2022,1,0,1,1,20,1149.2829464484478,0.7088858437767244
2022,1,1,2,2,46,1573.6569422466669,0.5478224160932175
2022,1,1,2,2,61,367.314305641632,0.9143704424130518
2019,1,1,2,2,41,757.2270374614848,2.7271388374578667
2019,1,1,1,1,20,1912.153314367412,1.1038421042542044
2019,1,0,1,2,37,455.77415093389595,1.3856783180430392
2022,1,1,1,2,63,1346.805205701449,0.7633637112033329
2022,1,1,1,1,32,424.2796275359301,1.0559032618704256
2022,1,0,1,3,42,1520.0537692229896,1.7980614269505129
2022,1,1,1,1,47,1069.6116978556356,2.0193817077391314
2022,1,0,2,2,31,354.0392309429212,1.1133807854155275
2019,1,0,1,1,24,2478.2737992620546,0.644330398062793
2022,1,1,1,3,34,655.7541164798619,1.4775821728184966
2022,1,1,1,1,61,621.9273554826425,1.0855084273158353
2022,1,0,2,2,37,1261.931090321578,1.0488848080745048
2019,1,0,1,3,53,2450.497011005669,2.899657006783638
2022,1,0,1,2,26,538.5739034896851,2.04075121481431
2019,1,0,2,3,55,1145.0182959926747,1.8921961079302396
2019,1,0,1,3,39,1480.5538951631402,1.5394377588083048
2019,1,1,1,1,19,1781.4339789016267,1.5723608335753607
2019,1,0,1,1,41,1240.7968692567586,1.8522625095952021
2019,1,1,1,2,25,848.1695125088545,2.241074517590268
2022,1,1,1,1,28,614.424984292893,2.255365240454574
2022,1,0,2,1,30,1164.7953882048896,0.9292347692636239
2019,1,0,2,3,34,517.755276590264,1.7502818801915674
2019,1,1,2,1,25,141.89036210864478,1.5298952375852548
2019,1,1,1,3,38,1488.6007487430006,2.6763174156734606
2022,1,0,1,3,35,2064.7292618986667,2.0785473030459407
2022,1,1,1,3,47,209.7564918154298,1.8312601660399546
2019,1,0,2,2,35,540.8751666749812,0.7884866054472934
2022,1,1,1,2,63,1691.562577325284,2.0140947233085287
2022,1,1,1,2,64,4629.697586230603,0.7930097642005836
2019,1,0,2,3,48,1112.7120419372598,1.3430164389143802
2019,1,0,1,2,55,658.7854689006944,0.8571049120358296
2022,1,1,2,2,49,964.8498479244527,2.2301841175609223
2022,1,1,2,1,28,2870.993721941396,1.0156302845903815
2022,1,0,2,2,62,697.725022529606,1.479648432970065
2019,1,1,1,2,42,626.7611927934905,2.7391869440469465
2019,1,1,1,3,50,782.1758086107361,1.0107909584974257
2019,1,0,1,3,55,562.6568694486665,1.7695126598969477
2022,1,1,1,3,58,1194.9614700339089,1.548179152915055
2022,1,1,1,3,25,3419.586515779896,0.5453101026143243
2019,1,0,1,3,28,1374.9264134549085,2.481895283932032
2022,1,1,1,3,39,919.0610476648412,0.6726147657864994
2019,1,1,2,2,41,894.02354521758,1.6856375524423841
2022,1,1,1,3,58,367.14851305091594,1.9016957373473748
2019,1,1,2,3,34,2034.848898977041,2.071066141536468
2022,1,0,1,1,29,1038.4805997289154,2.221579073269689
2022,1,0,1,2,63,966.4833394601967,1.1331809588067876
2019,1,0,1,2,49,10251.458811281078,0.5249469416461234
2019,1,0,2,2,32,1351.711756281014,2.3086091558872797
2019,1,0,2,3,33,647.9064151990062,1.8391414983689465
2019,1,1,2,3,39,813.6657723915679,2.590294258018122
2019,1,1,2,3,45,2450.1683033829986,2.553470907251736
2022,1,1,1,1,37,1187.1245142443597,2.608315419469708
2019,1,0,2,3,50,400.6969537041527,1.7127366499488503
2019,1,1,1,1,27,2086.9527239862673,1.334070989592164
2019,1,1,1,2,57,686.9758509319918,2.478895506478425
2019,1,0,2,3,49,4069.634387629313,1.6282352825731374
2019,1,0,2,1,50,2335.6223041309363,0.9586054910085863
2022,1,1,2,1,19,801.8124062114481,2.637435048903686
2019,1,0,2,3,50,2688.4267580976584,2.7063996919308684
2019,1,1,2,2,50,1149.9788816075786,1.6657743903504252
2019,1,1,2,2,58,1992.0938940192952,0.6892493182744687
2022,1,1,2,2,30,1539.6539649981444,1.469565224792328
2022,1,1,2,1,47,606.40637158635,2.5088441486565083
2019,1,1,1,1,50,698.9052046540802,2.7544350713655716
2019,1,0,2,1,30,2255.1518125444086,1.0086818562439896
2022,1,1,2,1,43,867.5362238298437,0.6674340300631788
2022,1,1,1,2,39,826.703475017583,2.6933761328320966
2022,1,1,2,3,56,561.9507398027039,1.4735123474471883
2019,1,0,1,1,19,1475.1564720826248,1.854402410668908
2019,1,1,1,1,55,4646.025693100775,2.9201645301268973
2022,1,0,2,2,56,519.427352736274,0.6664118197855571
2019,1,1,1,3,43,1115.3835543462833,2.120795018630239
2022,1,1,1,3,63,2947.033613830202,0.6852635564371676
2022,1,1,1,2,32,1037.1698930760992,1.4386723211662509
2022,1,1,1,2,51,1505.1686901419507,2.5095363629836167
2019,1,0,2,3,59,521.2993945224562,1.583680581889086
2022,1,0,1,1,61,1480.0260501343027,2.992955884757376
2022,1,1,2,3,57,961.985150520137,1.8976482123665055
2019,1,1,1,2,28,2186.3986058688206,1.3029053815898837
2022,1,0,1,1,20,2517.8741572591643,1.0502783147618828
2019,1,1,1,1,23,6718.9995732956695,1.3763013357154046
2022,1,1,1,2,26,1645.4072834033636,1.431333184398877
2019,1,1,2,2,23,1377.5439161995992,0.6717841943099024
2022,1,1,2,2,26,1256.4794615702535,1.4239354985669328
2022,1,0,1,3,56,856.439428122266,1.6605962993480623
2022,1,1,1,3,48,1389.83274343851,2.3068443805970116
2022,1,0,2,1,49,891.7795964819665,2.1418237118040198
2022,1,1,1,2,58,1233.8846003877034,2.2719141380728853
2019,1,0,1,1,29,2758.15780782104,0.5209092046921427
2019,1,0,1,1,25,542.0835843969268,1.0441684989513402
2022,1,1,2,1,25,2435.5186061798377,2.1542107209996413
2022,1,0,2,1,45,2757.226458566686,1.709973420449368
2022,1,0,2,2,37,1009.6429486102572,0.5132836891708649
2019,1,1,1,1,64,248.3158614586552,2.5112366060795557
2019,1,1,1,2,24,716.6048758798254,2.4320239332258433
2022,1,1,2,2,28,2718.664871168827,1.8710479074839066
2019,1,1,2,3,37,1079.218402132709,0.6661583144406803
2022,1,1,2,2,33,544.8379643804524,2.4162876238314617
2022,1,0,2,3,21,770.2056484822324,1.9592839693284099
2022,1,0,1,2,23,1975.217935928917,2.454899942894898
2019,1,1,2,2,39,1607.947014060304,2.3793674809896013
2022,1,1,1,2,43,927.7362978279168,2.5075051798945927
2022,1,1,2,3,20,848.29029967373,1.7950201660115621
2022,1,1,1,3,58,833.6130248268516,0.8508112954837874
2019,1,0,2,1,59,574.9671282205242,2.1778936834492217
2019,1,0,2,3,31,3397.390726617056,2.0511844626299265
2019,1,0,2,3,28,875.1328221251026,2.355632967997718
2022,1,0,2,3,35,2570.899109028674,0.9247025151268382
2019,1,0,1,3,29,3180.9056675604365,0.987437999750723
2022,1,1,2,1,40,2205.738447638197,2.7260237930483213
2019,1,1,1,3,29,810.6738221930284,2.374944496130177
2022,1,1,1,2,30,1454.7815970750364,2.7705712217508074
2019,1,0,1,2,42,1078.2159709652628,2.396788302909802
2022,1,1,1,3,62,582.546317609954,1.9928882649757547
2019,1,0,2,3,36,1376.1589078825443,2.135331842569684
2019,1,1,1,2,63,480.42548877006146,2.7228198098500247
2019,1,1,1,2,53,2518.3912201174103,1.9470168862798514
2022,1,0,1,1,62,792.1635649482514,2.0809783108209685
2019,1,1,2,2,25,1262.452780809412,0.8911917900090014
2019,1,1,2,2,46,1337.1576856927259,1.684803050290257
2019,1,0,2,3,49,914.8558559704547,2.290992779895247
2019,1,1,2,2,61,1653.5597397371828,1.1773567457909135
2022,1,1,1,1,35,786.4801158528887,1.0056354513113372
2019,1,0,1,2,23,2018.0926430710315,1.2845670205610389
2022,1,1,2,3,35,427.4401265982406,1.1037515699820837
2022,1,0,1,3,36,1198.0682004957052,1.0372815925909897
2022,1,1,1,2,39,4260.962272595045,1.5621271071702174
2022,1,1,1,3,54,544.445623719792,2.769596284708835
2019,1,0,2,1,49,682.3744271673648,1.7676491168467958
2022,1,1,2,1,58,1571.4208589327134,0.9698009520383075
2022,1,0,1,2,20,1243.527337546576,0.6924291734521852
2022,1,0,2,2,45,1401.7000067596691,2.240390362844813
2022,1,1,2,2,27,1544.4621273855757,1.4569969110909695
2019,1,1,2,3,52,1710.0964099467703,2.5545773664633984
2019,1,1,2,1,46,2384.6076664949433,2.1487769216019252
2022,1,1,2,1,32,1460.995102881225,2.4906036263534213
2022,1,0,1,3,50,926.227274880195,1.1798650985461219
2022,1,0,2,1,24,1756.0137260855147,2.230897306152645
2019,1,1,1,2,29,4146.07488336887,1.160154961734297
2019,1,1,1,2,47,999.4012778557379,2.847671198625729
2019,1,1,2,2,38,554.3684216405111,2.090935703833436
2019,1,1,1,1,48,2380.2396824361867,1.3112795004383553
2019,1,1,1,2,41,1008.0098145417568,1.1737796557306817
2022,1,1,1,3,37,239.63844727549184,0.9773164626791088
2019,1,0,2,3,54,1984.644678860336,2.2366023972343196
2019,1,1,2,1,21,753.9079435955945,1.0467890324948184
2022,1,1,1,3,45,1029.2922430747415,1.9882581648187228
2019,1,0,2,3,61,1383.5199670531183,1.1615875673133933
2019,1,1,2,1,37,1253.0674394642567,2.1549223619846716
2019,1,1,2,2,41,1801.9348297384238,2.537349321351348
2022,1,0,2,2,49,808.4829097712532,2.4450631078616327
2019,1,1,1,2,58,1570.538854249446,2.4021283273269542
2022,1,0,1,1,53,914.4450016671543,0.9693060142306302
2022,1,0,2,3,51,1839.349649234344,0.7209623674612968
2019,1,1,2,2,53,1687.0846157379535,2.247372071218464
2019,1,1,1,2,19,569.747288248847,1.4208680344858782
2019,1,1,1,1,32,2345.3442723058697,1.5808655660083684
2019,1,1,2,2,51,753.5727692750705,0.5778727319834777
2022,1,1,1,1,53,1930.7049201153266,1.148941123187623
2019,1,1,2,3,23,1418.1395554924866,0.58419100968616
2022,1,1,2,1,56,3970.8226695247877,2.6979644315031193
2022,1,0,1,1,59,937.8347983562634,1.1084917080463261
2022,1,1,1,1,29,858.7503427964966,1.8933429239325201
2022,1,1,2,1,20,1081.826695303527,0.597448301652826
2022,1,0,2,3,62,886.9371757545578,2.167118478264145
2019,1,1,1,3,35,1919.767437454068,1.3075683643852347
2022,1,1,2,2,57,353.7472142781613,2.7447979673941645
2022,1,0,1,3,38,524.4878730504449,2.7202954723350894
2019,1,0,2,3,32,519.3291875804229,1.3132265459043695
2019,1,0,1,2,50,2132.8519662134895,2.7524022392261696
2022,1,0,1,3,52,3631.6027575103203,2.990394183746947
2022,1,1,1,1,43,1019.3144240628523,2.5635391603098703
2019,1,1,2,1,25,974.4028226570775,2.6121783693880722
2022,1,0,2,2,53,1151.7485146617744,1.1225218402727248
2019,1,1,1,2,47,2473.3154371802557,1.9417559971443907
2019,1,0,2,2,40,572.9811425089227,0.6681397849184196
2022,1,1,1,1,59,1295.76727355694,0.7372948420541743
2019,1,1,1,3,61,2170.3383170298002,2.9972315300832264
2022,1,1,2,1,31,1557.3889048338128,1.3165981235647775
2022,1,1,2,2,31,1252.2624216069576,2.3704597801221157
2022,1,0,1,3,19,2209.9656795967867,2.516662632567041
2019,1,1,2,3,54,165.29593202921512,2.645058177518073
2022,1,1,2,1,22,1762.5426336020653,2.9940707435053913
2019,1,1,1,2,55,693.7745291790566,1.1037412131421696
2022,1,1,1,1,62,304.4652539804439,0.6008770671492493
2022,1,0,2,3,58,1568.4479141744848,1.527978794986465
2019,1,1,1,1,64,2868.5472089341683,0.8252016745723674
2022,1,1,1,1,31,996.0386277963433,0.5560647229051379
2022,1,1,2,2,56,2136.687866341449,1.4010670678537154
2019,1,1,1,2,42,3390.0324770930806,2.459345627688091
2019,1,1,1,3,37,2752.982414900383,1.9154517280626773
2019,1,1,2,1,19,3456.3734086094064,1.2819449730258852
2022,1,1,2,1,56,1843.625410336876,2.135855013731799
2019,1,1,1,1,23,1156.0953716205331,1.0800454507720267
2019,1,1,1,3,34,357.3172103558867,0.5359536151802126
2022,1,0,2,3,42,923.1172504197476,2.4108834660910685
2019,1,1,2,2,45,607.7279816664624,2.059357712160023
2022,1,1,2,2,19,5012.348778332293,2.4057565612524
2022,1,1,2,2,52,969.5964279830316,0.597345041719164
2019,1,1,1,1,54,1195.4086408115613,2.5927990695766305
2022,1,1,2,1,22,1613.3043777862035,2.0488155000907584
2019,1,0,2,2,18,1130.6203150515091,1.9084883767816003
2019,1,1,1,1,57,3592.2561147051733,2.061535120286329
2019,1,0,2,2,29,709.2055832598486,2.6610831171709104
2019,1,0,1,3,53,1256.6757484939178,1.9673412663972676
2022,1,1,2,2,62,652.1473869674023,1.9523759497204483
2022,1,1,2,3,40,435.2777104192215,2.9766978926644145
2019,1,1,2,1,64,714.6276489641143,2.39182541767142
2019,1,0,1,2,48,1068.5674963991933,1.6057345136278383
2022,1,1,1,1,28,811.9903394305745,2.2684925000823193
2019,1,0,2,3,27,675.4001392248317,1.473076179229471
2022,1,1,1,3,20,409.76252125222726,1.0721886562087475
2019,1,0,1,3,31,1034.6578787884312,1.9921296922193985
2022,1,0,1,1,33,382.48741018592705,2.8204552452848786
2022,1,1,1,1,27,1866.9085771920036,2.8228488000386567
2022,1,0,1,1,46,1161.7791127614885,1.3547631952637258
2019,1,0,1,1,27,395.32726876291554,1.8191936655542373
2019,1,0,2,3,29,883.2017403846434,1.0290897464246531
2019,1,0,2,3,47,647.7407350676524,2.9890777737472085
2019,1,1,1,2,58,1371.1734119354976,2.9527947696698393
2019,1,1,2,2,18,2802.6349639985774,2.1237723242686184
2022,1,1,2,1,22,295.119178965367,2.5110351491936833
2022,1,1,2,3,37,1188.584349177634,2.28775040320925
2022,1,0,2,3,25,980.3474435857349,1.9828955475986705
2022,1,0,1,3,60,1754.4979972254564,0.6333699924722442
2022,1,0,2,2,29,1273.134997616555,1.6369108563816526
2022,1,1,2,2,18,647.8255633697133,2.1869657554185262
2022,1,0,1,3,37,877.1361671537412,2.1938290347092115
2019,1,0,1,3,45,628.1518271572935,1.432806546055959
2022,1,1,2,3,60,2329.0249836306652,2.8542299666450766
2019,1,0,2,2,54,1113.1155385071352,0.9183925805919525
2022,1,1,2,3,64,4149.874949113897,1.7508986155389015
2022,1,0,2,3,54,1051.0421033282198,2.227209941377057
2019,1,1,2,1,29,667.8845058555439,2.242839514729523
2022,1,1,2,1,54,380.0869054672884,2.1215973919220388
2019,1,1,1,2,61,310.3815126025508,1.1882205336296505
2022,1,1,2,3,45,361.8048000089101,0.8905164217165549
2019,1,1,2,3,64,1322.115858938442,2.089850817066777
2022,1,1,1,1,32,1565.7301070462636,1.9982552903485944
2019,1,0,1,2,23,362.55149108416964,0.9483900257231024
2019,1,1,1,1,61,2051.910972961794,2.2628478639264085
2022,1,1,1,1,37,782.0019732045415,1.637929979334141
2022,1,1,2,1,31,1215.31077916711,2.1694014790078824
2019,1,0,2,1,19,3389.8957231843997,2.593417699425377
2022,1,1,2,3,26,2054.4994510015313,0.9243210714423079
2019,1,1,2,3,54,908.712303667401,0.5478621699920917
2022,1,0,2,1,37,587.6699273321879,2.447756465989467
2019,1,0,2,2,43,243.1623236940114,2.02424356288154
2022,1,1,1,2,46,662.8791370641827,2.2490989240553043
2019,1,1,2,2,18,945.9680860635553,2.595387437471606
2022,1,1,1,2,52,549.4810739801322,2.5070273370612512
2019,1,1,1,1,23,1000.364910616936,2.9023003673220615
2019,1,0,2,3,54,1157.2436793026409,1.8398376971302954
2022,1,1,1,2,22,936.922729260963,1.7212390816497634
2022,1,1,2,1,50,695.7554220131068,1.5047179997268252
2019,1,1,1,2,31,1234.05191042646,0.8842276071105113
2019,1,0,2,2,29,1494.2182729179485,1.9315180822050562
2019,1,1,1,1,59,511.1794208961125,1.192531310814947
2019,1,1,2,3,37,2944.3774036947566,2.8032687805324388
2022,1,0,2,3,41,1023.5050175160136,1.9579770106927439
2019,1,0,2,1,60,1111.1988272637625,1.9821004512702753
2019,1,0,2,3,51,1800.3747133089842,1.387311652192525
2019,1,1,2,1,42,1291.101865258396,0.6299733799442687
2022,1,0,1,1,46,2137.0799005474723,0.5793594134324715
2019,1,1,1,1,56,1340.753322085294,1.5583378603829938
2022,1,1,1,3,48,714.2934253207428,0.7114134452430947
2022,1,0,2,1,64,1412.4096094232614,2.0171173888503477
2022,1,1,1,2,60,492.44937077725325,2.7024325140991436
2022,1,1,2,3,40,1183.2164260619204,2.7072870412968055
2022,1,1,2,3,61,1071.4187744159938,2.147613525330581
2022,1,0,1,3,55,947.9655860008406,1.0280795786823276
2022,1,1,1,3,37,1002.2710379194874,2.6574920783971803
2019,1,0,2,2,40,293.74312712155586,2.7152335882830205
2019,1,1,1,3,62,746.8710635768953,0.9916339623823968
2022,1,0,2,3,33,1170.2719431171404,2.343565214426693
2019,1,1,2,1,59,1226.474992778045,1.2162988723178074
2019,1,1,2,3,25,534.1236686350825,2.5066007808823243
2022,1,0,2,2,38,2659.771480783138,2.9930947497590066
2019,1,0,2,2,18,598.0519399304509,0.575065013323482
2022,1,1,1,2,25,2161.634744027891,2.7434146644773296
2019,1,1,1,2,46,1478.8736848908081,2.056576333996645
2022,1,1,2,3,49,697.596519343646,2.933456547912053
2022,1,0,2,3,55,3799.852863474937,1.662523793816069
2019,1,1,1,2,22,475.5415299792768,2.6184698264284343
2019,1,0,1,2,64,2086.843511024013,0.655985171495693
2022,1,0,2,3,39,2209.2483479940993,1.3381976251957393
2022,1,1,1,2,64,685.7861563186284,0.6675413443780249
2022,1,1,2,1,51,2906.56052239951,2.938357833697676
2019,1,0,1,2,18,920.5464303694894,2.542434768179592
2019,1,1,2,2,43,1342.2271164341703,2.6313685531149265
2019,1,1,1,1,60,1315.8331092182077,2.8449130785847356
2019,1,1,2,1,27,998.2301699879499,0.7127587152994634
2022,1,0,1,3,47,1934.4257496493724,1.4639939812833334
2022,1,1,1,3,35,1911.1149694977903,0.6775872226100053
2022,1,1,2,1,34,322.47564652499483,1.0269827538750715
2022,1,0,1,1,43,2732.6802142191605,1.073414442594181
2019,1,1,2,3,25,342.49450314952674,1.6727680276189467
2022,1,0,1,2,64,2259.2368156363123,1.1714054186341065
2022,1,1,2,1,57,2413.1629557644205,0.7524452670444027
2019,1,0,1,3,29,510.97644786070987,0.9187277227352693
2019,1,0,2,2,44,822.5670494718953,0.8681889088802273
2022,1,0,1,1,25,505.73192280114137,2.932691994780746
2019,1,1,2,2,42,943.4612361452172,2.3982312672961843
2022,1,1,1,3,63,883.9283444784804,2.919403663173905
2019,1,1,2,1,21,1892.7051340383564,1.5993512162697714
2019,1,0,2,2,50,2744.121104826102,1.1959212041566416
2022,1,1,2,1,18,2913.1162618789913,2.495732993022967
2019,1,1,1,2,36,739.8758348638048,1.3156347951028668
2022,1,0,2,3,48,947.2326072099737,1.2484584342633707
2019,1,1,1,3,33,337.5093674873006,1.081264980519578
2019,1,1,2,1,31,623.8381460865091,0.8241974455605884
2019,1,1,1,2,22,2154.677077255556,1.141157652541915
2019,1,0,2,1,58,3397.8833631097395,1.3882993711847194
2019,1,1,1,1,43,462.18063045606607,2.184985520364326
2022,1,1,1,2,45,724.3502300574451,0.6564121055486289
2019,1,0,2,2,19,1076.549146925497,1.0262673491633574
2022,1,1,1,2,23,1334.2342505521444,2.522559100729191
2019,1,1,1,3,26,622.2099251592747,0.8673048089594269
2022,1,1,2,1,50,1475.6335930100738,1.3566128663063037
2019,1,1,1,1,58,787.0662749845598,2.66164730464535
2022,1,0,1,3,42,1085.5948997161313,0.8873132778586066
2022,1,1,1,2,30,1607.4413554362427,0.7068420890454747
2019,1,1,2,3,26,1101.5742685253836,1.711344987700027
2019,1,0,1,3,30,807.9739974515359,1.256048778196341
2019,1,1,2,3,48,1015.6388854495757,1.9085209112096353
2022,1,0,1,1,58,1030.8571592159376,2.5095122262086877
2022,1,1,1,3,28,846.4001844970016,0.8428712203818579
2019,1,1,1,1,21,914.9256051591502,1.9517477113857125
2019,1,0,2,1,51,3357.839430040831,1.7637719009746597
2022,1,1,1,1,55,1623.9936547800803,0.8601969650329989
2022,1,1,1,2,63,891.7303399298409,2.059996213822456
2019,1,0,2,1,21,1786.2399147063502,1.1841010446519291
2022,1,1,1,1,55,868.1168775672321,1.7195857963600312
2019,1,1,2,2,36,2492.863294576523,0.7056808106926546
2019,1,0,2,1,23,1420.4791660264866,1.6489601430340577
2019,1,0,1,3,51,1017.2808356700259,1.2661586701070509
2022,1,0,2,3,35,1500.2722161628974,2.555953027963386
2022,1,0,1,1,30,365.1786527963011,0.6424468174934207
2022,1,0,2,2,58,498.3301313558393,1.546518187295825
2022,1,0,2,3,40,475.4456123466603,1.646078560328595
2019,1,0,1,2,36,1212.0399963027958,2.3125151907477965
2022,1,0,2,2,62,3687.708345916729,1.9357189377255275
2019,1,0,2,3,28,5228.658913764119,2.168030842985453
2019,1,0,2,2,18,1714.0868537527806,2.4426232141293904
2019,1,1,2,3,41,1557.1167180710036,2.655507434145472
2022,1,1,2,2,24,310.8341798092541,1.2846887418061763
2019,1,0,1,3,42,750.0413513817871,1.8450567634097574
2019,1,1,2,1,38,631.7864071563931,2.6002701960979997
2022,1,0,1,3,32,710.1006220735574,2.973627827412641
2019,1,1,2,3,18,974.8653188958883,2.723798277609408
2022,1,1,1,3,29,788.0303431184446,1.428668156560942
2022,1,1,1,3,24,274.37344948587986,0.9879162930466261
2022,1,0,2,2,32,1851.1034121665664,1.7234813435164718
2019,1,0,2,1,38,517.5364109469159,2.3541036295901057
2022,1,1,2,3,36,1296.5637892383634,1.731422676883244
2022,1,0,1,2,46,4683.766480820134,1.7079521582841712
2022,1,1,2,1,42,576.1861501848086,2.5955760527045015
2022,1,0,1,1,50,186.56855041151996,1.403509447667966
2019,1,0,1,1,49,897.6650872598515,2.649486687029114
2022,1,1,1,1,52,2370.0628304093043,1.517012002379309
2019,1,1,2,3,61,4319.276619185797,1.3205827641958485
2022,1,0,2,3,55,463.73593465802344,1.6349747779992474
2019,1,1,1,2,43,1552.6050184677515,2.406117396687171
2022,1,0,1,2,28,791.7792912025883,0.8150050696599858
2019,1,1,2,2,52,1018.2453216189497,0.9910480396800434
2022,1,1,1,1,25,6981.648501782273,2.8786120641577297
2019,1,1,2,1,63,382.9562565992845,0.9387290684533934
2019,1,1,1,3,31,1309.7843221313224,1.9193182948276364
2019,1,1,2,1,27,1521.3984446318927,1.9482861666548446
2022,1,1,1,1,19,2345.0228558348304,1.724061155125612
2019,1,0,2,1,63,1174.4887287659421,2.1118631214420462
2019,1,0,1,2,26,1360.5378488603951,1.0745668144940461
2019,1,0,2,2,20,833.6769713465818,1.8816556694418705
2019,1,0,2,3,38,1323.9683864014298,1.4304331381172428
2022,1,1,1,1,43,862.4398498349451,2.1541681490729725
2019,1,1,1,1,25,1694.4277003658904,0.8530588584328737
2019,1,1,2,3,19,846.6376209313854,1.9271935420986905
2019,1,0,1,1,23,1427.9145122430778,0.9631758884583093
2022,1,1,2,1,45,1074.398265072623,1.196607657787591
2019,1,0,1,2,46,2412.056966549287,1.046774500808958
2019,1,1,2,3,43,1057.8823369151662,0.9570944496720428
2019,1,1,2,3,42,316.99223308094645,2.5642773789016675
2019,1,0,2,3,29,2652.73125506118,1.2142689191522258
2022,1,1,2,3,22,581.718927941438,2.8178094546611234
2019,1,0,2,2,51,693.9247761697943,2.924816313362977
2019,1,0,2,2,54,722.7310015178383,1.9281511748427433
2022,1,1,1,1,32,2870.1129552798943,0.857502806664316
2022,1,1,1,1,61,245.92535384110192,1.4363706084489531
2022,1,1,1,1,53,9861.799870274526,2.494330658370535
2019,1,1,2,1,32,2296.725671103191,1.4184768217426762
2022,1,0,2,2,60,1282.116157551357,0.7175430457569718
2019,1,1,2,3,40,1055.2934929258197,1.8919622773204698
2022,1,1,2,2,23,1339.2805588720582,2.612802128740087
2019,1,1,1,1,63,1579.3769295600648,2.489815967858756
2022,1,0,1,2,61,1722.7048299626679,0.9378078503258831
2019,1,1,2,3,60,1617.9628326757695,2.1819115360311665
2022,1,0,1,3,62,1167.6009783309485,1.0512606585891178
2019,1,1,1,2,38,955.1449468641297,1.0455188363804306
2019,1,1,2,2,40,986.4461148758677,2.685179433262963
2019,1,0,1,2,60,956.7711247444256,1.1241723818505753
2019,1,0,2,1,33,2425.1267445678386,1.158118366295028
2019,1,1,1,2,64,1661.522626132006,0.5016334769032489
2019,1,1,2,2,32,140.01197514972668,2.6766725853137943
2019,1,1,2,2,42,1735.6383392141518,2.481487033022837
2019,1,1,2,3,53,1256.7890022459424,2.068322337726695
2022,1,0,2,3,28,1082.365140387866,2.3756644098471056
2019,1,1,1,1,32,835.505626946296,0.8801214185612295
2019,1,0,2,1,21,2408.7877797614824,1.6458089864689387
2022,1,1,2,3,38,2128.7037885515947,1.3780484683719523
2019,1,0,2,3,30,638.4131424852969,0.7344413156425412
2022,1,0,1,3,39,1458.1686834714508,1.7153262130373101
2019,1,0,2,2,36,555.4842666526667,2.8018491258565885
2022,1,0,1,2,51,417.49279416116536,0.6001477976267362
2022,1,1,2,3,31,707.1889900167561,1.2286522837344847
2019,1,0,1,2,21,2005.553638732957,1.0188523405142587
2022,1,0,1,2,63,2137.0625646769,1.0953666341642407
2019,1,1,2,1,44,1570.5164512140732,2.7710863796984384
2019,1,0,1,3,46,1821.7758585460815,1.6701726355857254
2019,1,0,2,3,64,1573.9203135501145,1.665748532349547
2019,1,1,2,2,45,699.9177886383966,2.4014391061382057
2022,1,1,2,3,52,1483.7764634334092,0.8862305100123145
2019,1,1,1,1,25,1920.3959498856484,1.718163385250127
2022,1,1,1,1,33,1859.3903252838663,1.5749630353026494
2022,1,0,2,1,59,2520.567516301616,1.9922767263666403
2019,1,0,2,3,53,1800.4874144622293,2.9988942581260964
2019,1,1,1,3,47,1402.502956307981,2.4236222352051175
2019,1,1,2,3,35,2319.495923783172,1.494664257543568
2019,1,0,2,3,19,1076.4621097197555,2.5688826306851174
2022,1,1,2,3,30,591.5154151180192,0.9267709082812005
2019,1,1,1,1,21,978.3359568798151,0.5761592157724003
2022,1,1,1,2,43,651.0380887981313,1.0111209311606826
2019,1,0,1,1,42,683.6015423923534,1.351028890285649
2019,1,1,2,3,47,991.1213020269274,1.7764518936488998
2019,1,1,2,1,28,629.739382546892,2.0378228513529995
2019,1,1,2,3,24,883.9733624890265,2.7765142930360542
2022,1,1,1,3,48,291.3338129106159,1.7746350238761441
2022,1,0,2,1,61,1273.2215169474869,1.7531891115643234
2019,1,0,2,3,27,1097.558923946878,0.6256075245574553
2022,1,1,2,2,56,618.9583337687732,0.5872788816405595
2022,1,1,2,3,30,1739.706966385434,1.8778999047909302
2019,1,0,1,2,48,2113.9195213582993,1.5954465331208612
2019,1,1,1,2,24,355.9207504381555,2.5979509874507465
2022,1,1,2,3,59,642.9665203541952,0.901698961779613
2022,1,1,1,1,59,640.0846000199525,0.5624291552926239
2022,1,0,1,2,53,567.9695619810877,1.6225969198253147
2022,1,1,2,1,37,1959.867973217117,1.0936963918806437
2019,1,1,2,2,21,957.4961525852858,0.6240359333470936
2019,1,0,1,3,24,911.2703463981744,2.3114957171190724
2022,1,0,2,3,18,269.6962551793568,0.7789824998931187
2019,1,1,1,2,61,1710.9304445658665,2.0207987500194293
2022,1,1,2,3,62,460.5949961682628,1.2026243754172228
2022,1,1,1,2,59,1143.6187331657204,0.9337401258875551
2019,1,1,2,3,64,1331.6364209163808,1.4493788072982936
2022,1,1,1,1,30,2842.5619429066824,2.503614440557384
2022,1,0,1,3,39,438.7043486109343,1.4802339422614317
2019,1,1,1,1,38,132.46805088112856,2.3769241230276394
2019,1,0,2,3,39,1247.2478479797937,0.8137157419978767
2022,1,0,1,1,45,3867.4777410946813,2.4319285491626976
2022,1,1,1,3,26,2610.4096631404695,1.0923333122666217
2019,1,0,2,1,43,1269.9865523454903,2.193482824722182
2022,1,0,2,2,26,777.3219930985014,1.914453887102491
2022,1,1,1,2,32,1929.4414148411868,2.8228617930292184
2019,1,1,1,1,27,554.7500545841679,1.468306294938285
2019,1,1,2,3,41,1530.6540987480412,0.6654129720861011
2019,1,0,2,1,59,1562.1668008539896,0.5478887138781323
2019,1,0,2,3,25,2303.412355503927,2.5671464024318826
2019,1,0,2,2,41,7568.589695090904,1.8118390941535805
2019,1,0,2,3,33,1443.3053974492739,2.4381101295873733
2022,1,1,1,2,43,767.9506413484219,1.0860640000287867
2022,1,0,2,3,44,1077.1758931026843,1.3627093637830843
2019,1,0,1,3,54,317.87138986178223,0.5752596805282973
2019,1,1,1,3,21,674.317324673366,2.9037308114352802
2022,1,1,1,1,41,823.4495569845213,2.1696697667520333
2022,1,1,2,1,36,759.8629753596641,2.8330127193982655
2022,1,0,1,2,53,1220.0515737795633,1.1637410185726809
2019,1,1,1,2,56,616.6527412129558,2.028659028064152
2019,1,1,2,1,27,2403.596574072901,2.1962499207315944
2022,1,0,1,2,42,1096.7921219273674,1.293874250643971
2019,1,1,1,1,35,1089.5170190144577,2.620273087539075
2019,1,0,2,3,36,871.7247308489121,2.8679036572506194
2019,1,1,1,2,53,1222.475864851382,2.712137794240011
2022,1,0,1,2,27,1953.872901640409,2.3476674398484314
2022,1,1,1,1,50,597.652122066701,1.193661699312385
2019,1,1,2,2,22,691.814916160398,1.2040401052640792
2019,1,1,2,2,64,886.59810050177,2.9084008011150946
2019,1,0,2,3,52,427.4726687432708,0.5257112398392301
2019,1,1,1,2,61,618.0191834733604,2.2901249331053615
2019,1,1,1,3,51,785.7552746325682,2.2656154063881555
2022,1,0,2,1,50,2022.4651679277138,2.0567238523744935
2019,1,1,1,2,38,1317.8974836720192,2.9752721152171646
2019,1,1,1,3,34,1255.7809613087186,1.2796985894093131
2019,1,1,2,1,39,1989.479992993462,1.3499296594831205
2022,1,1,2,2,54,996.0921248339525,0.6973485073663889
2022,1,1,1,1,32,1441.3355023387403,1.6069953413593436
2019,1,0,1,2,52,1020.1906218121914,1.1526213155871203
2022,1,1,1,1,45,1320.4840390050529,1.3584667554441106
2022,1,1,2,1,24,729.2881633249243,2.5864294756390693
2022,1,0,2,3,49,198.90513235184906,2.838711283818739
2022,1,1,2,1,28,998.250839055688,0.9643326800129641
2022,1,0,2,2,27,2968.8314264687087,1.4312723288836646
2022,1,1,1,2,26,2097.184021222982,2.8215764052884853
2019,1,1,2,3,31,2155.5005281549666,0.6545211517230566
2022,1,1,2,2,30,2605.2697645222474,0.7309013202784462
2022,1,1,2,2,42,1166.8467612397587,0.9069774730155734
2019,1,0,2,2,19,1259.0603845227624,1.988032085317187
2019,1,1,2,1,52,711.6908895088442,0.8761806775149936
2019,1,1,1,1,24,878.9684471876134,2.920190953626834
2019,1,0,1,2,38,1687.5613958989798,1.616786318146301
2022,1,1,2,3,35,2547.1213191448596,1.753794900875416
2022,1,1,1,1,20,994.6467082513701,1.1166465395135163
2022,1,0,2,3,59,800.2046557218815,1.6774006310868337
2022,1,1,2,2,56,1097.03851736024,2.1547840815925285
2019,1,1,1,2,58,1670.4439764681383,2.377942842385107
2022,1,1,1,1,28,399.13576760840914,2.3846702067747825
2022,1,1,2,2,56,219.79017314508067,1.9447277817352209
2019,1,0,2,1,41,745.9243632781412,2.760899437484643
2022,1,0,2,2,63,466.6135046598965,2.5435196182652735
2022,1,1,1,2,36,768.3934154184187,2.3926202867465634
2022,1,0,2,1,21,988.8610010765137,0.6390138042011515
2022,1,1,2,1,43,798.4929301353137,0.5171949055491233
2019,1,1,2,1,55,3031.240662078186,1.0311181929886823
2019,1,1,1,2,59,1378.4587900245835,2.1588089847836307
2019,1,0,2,2,49,1353.3415721809579,1.5279937222063644
2019,1,0,2,3,56,1695.1813425217638,1.5060156482482794
2019,1,0,1,1,62,494.1389819274934,2.7114672205740344
2022,1,0,2,2,63,2269.6439573565654,2.7389071203295967
2022,1,0,2,2,53,1039.988567644186,2.772938160133964
2019,1,1,1,1,57,1753.4427710576977,1.2846951912875682
2019,1,1,2,3,54,517.8574114378275,2.2276395318481543
2019,1,0,1,1,50,369.5806053871252,1.1790829531859242
2022,1,0,1,3,53,1944.0384441409587,0.9765245826861244
2019,1,0,2,2,20,1427.2241290787276,0.961581143368423
2022,1,1,2,3,26,583.2196723998729,1.355269052158985
2022,1,0,2,2,25,596.5934201510322,1.5748940494495542
2022,1,0,2,1,50,2411.018012429287,2.577372927637671
2022,1,1,1,1,23,476.9500054380188,0.7997277336817803
2019,1,0,2,1,58,3462.9325513790513,2.3373146184872358
2022,1,0,1,3,56,583.8041025676124,1.8286372854732633
2022,1,0,2,2,21,1714.4958440962866,1.2198633566899812
2019,1,1,2,1,30,871.2831995275045,1.7320489613320615
2022,1,0,2,1,19,1672.7616157747627,1.2498551744425566
2022,1,0,1,2,22,749.2855844682147,1.990204888095765
2022,1,1,2,1,61,978.5236593526557,1.5846098071381105
2019,1,1,2,2,44,1128.4986757279366,0.9110138226971969
2022,1,0,2,2,49,543.7386893292432,0.7914576863892417
2022,1,0,2,2,38,1841.9444184496067,1.8667392051803253
2019,1,1,1,2,25,765.669414992975,2.7560325832152586
2019,1,0,2,2,55,934.4705005119893,1.3598942163942138
2022,1,0,1,3,25,546.7301960989029,2.332500268056558
2022,1,1,1,1,20,182.4299819473036,2.146653387349417
2019,1,0,1,3,61,959.3735949045479,2.8288872857737024
2022,1,1,1,1,20,5936.237505784216,2.552452543247852
2019,1,1,1,3,39,1899.2664307587565,1.9165131472636574
2022,1,1,1,2,23,1081.9472805958083,2.142576245585268
2019,1,1,2,1,19,912.3068753037068,2.745966166460087
2022,1,1,1,1,40,1114.015266896673,1.4987969614673369
2019,1,1,1,3,61,1608.3810299981503,1.3169867646444433
2019,1,1,1,3,19,479.82959443843356,0.5270277090879909
2019,1,1,2,1,55,2392.335073771413,2.5663776854786606
2019,1,0,2,3,34,1809.429571658902,2.502451751008412
2019,1,1,1,3,52,1812.9851284583885,0.7611362952503784
2022,1,1,2,3,51,1490.5985313411866,1.9421434528317505
2022,1,0,1,2,40,1111.7956171445292,1.6599542454172185
2019,1,1,1,2,47,1756.367202151878,0.7967727387727787
2022,1,0,2,3,25,1659.497116553108,2.951420567651809
2022,1,1,1,3,39,855.9153682108092,1.0367397186583887
2022,1,1,2,2,61,733.9777824187789,0.6680854502264029
2022,1,0,2,2,53,1177.6773222338693,1.987118448754774
2022,1,1,1,1,22,3243.1945849920553,2.3471666928325816
2022,1,1,1,1,30,460.643786558543,0.5811086151179674
2019,1,0,2,2,46,392.5768498971666,2.1467940968175556
2022,1,1,1,3,48,1230.6928578837485,1.830729689878636
2022,1,0,1,3,64,1136.4008424354279,0.758162522187621
2022,1,1,1,3,33,1238.1073538810115,0.9313096923659052
2019,1,1,2,3,59,1300.8422763519002,1.9199357432902013
2022,1,1,2,1,47,938.0079474726163,1.240894033783221
2022,1,1,1,2,33,3111.637540712245,2.84578932162829
2022,1,1,2,3,29,357.5828970329136,2.546850573710127
2019,1,1,2,1,34,614.0350938699817,2.9589180162841577
2022,1,1,2,3,33,1020.167050527556,1.149177097376035
2019,1,1,2,2,29,347.15377319135615,2.9243090819949424
2022,1,1,2,1,25,969.6177453767758,1.5780846744788946
2019,1,0,1,2,37,3508.7990819085253,1.3687969882843865
2019,1,1,1,2,20,1112.7843109636663,0.6258738174233831
2019,1,0,1,1,33,1288.8306765635186,0.6319131446490065
2022,1,1,2,1,47,453.9035199703721,2.230028139866637
2019,1,0,2,1,62,712.3340796605504,1.6448224860850698
2019,1,1,1,1,40,843.333536340379,1.0663040650902642
2019,1,1,2,1,45,877.9585932983924,2.0349257658130817
2019,1,0,1,1,57,2689.607783305614,1.132145295625278
2022,1,0,1,1,22,1620.3277822918758,1.9440793858610566
2022,1,0,1,3,37,503.69928343309834,1.398021867456726
2022,1,1,2,2,57,1303.167795217235,2.5588805665295475
2022,1,0,2,1,61,1554.260616804523,2.5517404019169483
2019,1,1,1,3,18,2435.979776741047,1.6933759953060032
2022,1,1,1,3,47,3315.5489364413725,1.377047773337539
2019,1,1,1,3,38,538.8482900579655,1.4063994913977362
2022,1,1,1,2,37,621.6639927242891,2.514286314170545
2022,1,1,2,1,23,454.72620872152805,1.32044870699403
2022,1,1,2,3,39,930.9318731677761,1.022648434267115
2019,1,1,1,2,35,1519.977577538996,0.7117208546882671
2022,1,0,1,2,25,2188.8556710502166,1.666732802211021
2022,1,0,2,2,56,1039.8526334092178,1.7053302472996048
2022,1,0,2,3,49,876.6490434048388,2.602271776007268
2019,1,1,1,1,50,1219.5419233722694,1.05309674111516
2022,1,0,1,3,33,611.1851669712707,1.4524781841709997
2022,1,0,1,3,29,4734.716379940345,2.5210143472342272
2019,1,0,2,1,55,355.89554718543695,2.5590590268724336
2019,1,1,2,1,51,1248.02602893088,1.4615276899469205
2022,1,1,2,1,31,4521.162153845032,1.6478100582167023
2022,1,1,1,2,53,1101.8654556440113,1.2582147271232074
2022,1,1,1,1,50,960.0378161403929,2.83138719604828
2019,1,0,2,3,40,853.8778954785436,0.7966094143539508
2019,1,1,2,1,62,966.5430335179864,2.834373557503675
2019,1,1,1,3,19,2866.9210622274313,2.209666129588358
2022,1,1,2,2,58,233.1534130647024,1.828930381716828
2019,1,1,2,3,38,3208.001995123264,0.5816476519612397
2022,1,1,1,3,19,404.7339725116563,1.6889904795550208
2019,1,1,2,1,44,909.9078853852218,1.5193702625068308
2019,1,1,1,1,26,812.0231956222551,0.9030470299378064
2019,1,1,1,3,18,1655.7134604419518,2.1410240087516423
2022,1,0,1,1,28,358.27933720926274,2.9278772684207146
2022,1,1,1,2,20,1515.5305675787954,1.9054720276613129
2022,1,0,1,2,40,4523.3888446538485,2.2868831911098644
2022,1,1,1,1,43,422.32628259293864,0.671126131415042
2019,1,0,1,2,21,1252.3716057525633,1.5441674895424868
2022,1,1,2,1,35,689.9454079459832,0.7908962129112397
2019,1,0,1,3,23,1477.5211210945363,2.031989588841276
2022,1,1,1,3,52,1111.430767695736,2.8462053955353865
2022,1,1,2,2,39,699.915185176573,2.1544443311790964
2019,1,1,2,1,60,1543.041271244829,0.6920076207860538
2019,1,1,2,1,32,3877.8791674671415,1.3866655124627072
2022,1,0,1,2,39,959.4568525844093,1.8766584486021287
2022,1,1,2,3,54,1814.9815103348483,1.5080193903331305
2019,1,0,1,2,59,443.504935180393,2.584110026187931
2019,1,0,1,3,29,561.4341747491393,2.536677511774973
2019,1,0,1,1,64,1526.4260922332771,2.0295775502580535
2019,1,1,1,3,59,3099.1439896638494,1.433644862831763
2019,1,0,2,2,55,1406.598059281623,1.1383409344081103
2022,1,1,2,1,35,880.8253614379807,0.7646857955328232
2022,1,0,1,2,62,1096.0893454935797,1.387244208716385
2022,1,1,1,2,52,457.0142564868026,1.5329312930192989
2022,1,1,1,3,47,1674.3172152180966,2.1895573127601837
2019,1,1,2,2,41,2033.7428515707334,2.145399560743934
2019,1,0,1,3,59,799.140493529717,0.6752703491031424
2019,1,1,1,1,47,789.1611110919595,1.4881482885778945
2022,1,0,2,3,31,1320.9609732617585,0.9544471680434048
2019,1,1,2,1,23,807.7852025661592,0.8920317632920143
2019,1,1,1,3,20,1047.024038235227,2.568255374343115
2022,1,0,2,2,33,4768.586708319753,0.6047880417906438
2022,1,1,2,3,24,922.4950494752617,1.5479571897553033
2022,1,0,1,3,31,853.3432702698212,0.9205091394162954
2019,1,0,2,1,26,696.9549231882013,2.698325539196185
2019,1,1,1,2,32,1846.2916263990676,1.8926012831875878
2022,1,1,2,3,38,965.9799504286958,1.07845159094212
2022,1,1,1,2,52,696.0620949068353,1.756068217915941
2019,1,1,1,3,19,2765.3232712711037,2.3287158992577894
2022,1,0,1,3,44,2962.302460320393,2.8952950222985843
2019,1,0,2,2,19,720.3257238760144,1.0511150106135474
2022,1,1,1,3,52,296.9079131667464,2.715454430323363
2022,1,1,2,2,35,2219.993579812618,2.8357602854187256
2022,1,1,1,3,31,679.0937046691271,2.7910513613301657
2019,1,1,1,1,37,1907.2885772746931,2.0885358921547743
2019,1,0,2,2,35,276.1453417352251,2.0745516360867695
2022,1,0,1,3,27,2048.407901146982,1.508026582959557
2019,1,1,1,3,42,469.740140619309,2.38099470575947
2022,1,1,2,1,19,1829.0187198297754,1.8282350458773298
2022,1,0,1,2,42,1107.6446994165442,2.193595178070736
2019,1,1,1,3,50,562.4163469142907,1.5711447596219887
2019,1,1,1,1,53,824.7452748909393,2.328741160107848
2019,1,1,1,3,48,1772.990450285109,2.5611787940113726
2019,1,0,2,2,31,1181.0109845123625,0.8660906415070403
2022,1,0,2,3,18,1650.9218144712722,2.58232428893557
2019,1,1,1,3,63,4374.328971830618,1.8507413294757682
2019,1,1,2,3,33,366.8785518147449,2.6116647727255606
2022,1,1,1,3,63,3401.7619687623032,1.5782542658525365
2022,1,1,2,1,20,1179.739766491477,1.4476012134575875
2022,1,1,1,1,52,584.5551707890702,2.787651831293056
2022,1,1,1,2,58,432.153332660332,1.1279231688710032
2019,1,0,1,1,23,960.6553679142847,2.610530813215358
2019,1,1,1,1,42,2090.492740856928,1.7100514312735102
2022,1,0,1,2,30,1002.964722877503,1.7852386063781494
2022,1,1,1,1,51,3158.360842191025,1.27117070372371
2019,1,0,2,1,25,397.09558380664026,1.9326055015475392
2019,1,1,1,2,38,1087.3923140620695,1.3130279906905282
2019,1,1,2,2,51,456.37944919190545,0.5981735356041308
2019,1,1,1,2,21,1414.5154564615355,1.17999651336089
2019,1,1,2,3,42,2040.2368296549555,0.5159476085164767
2022,1,0,2,3,32,816.8592018268454,2.9458869676421418
2022,1,0,2,2,21,177.15947229535854,2.914368024549369
2022,1,0,1,2,62,1260.499944701326,1.4878882436807626
2022,1,1,1,2,29,1488.7870190387987,2.3209271358491153
2019,1,0,2,3,49,1455.3567353271958,1.3645152460260626
2022,1,0,1,3,49,2604.6342318105153,2.17773289271494
2019,1,1,2,1,45,518.1487816315222,2.5135751076149475
2019,1,0,1,1,30,1765.4330154587112,2.866890611730602
2019,1,1,2,2,48,2526.916992815668,1.50053068962418
2019,1,1,2,3,31,315.7619766135322,2.4582449573901193
2019,1,0,1,3,37,1371.631626106387,1.164821126580297
2019,1,0,2,3,35,770.5265546108814,2.9758307594841207
2019,1,1,1,2,46,1035.804945790103,0.5644239969108779
2022,1,1,2,1,23,1398.804942371447,2.008822016252802
2019,1,0,2,2,49,779.7239954846527,2.1487649541283176
2022,1,0,1,1,46,683.3480669258963,2.220113892685322
2022,1,0,1,1,60,1123.1659214721747,0.8009689469727226
2019,1,1,1,2,19,512.3089406612218,2.846324458682826
2019,1,1,2,1,40,512.8187196820523,0.9529581976252071
2022,1,0,1,1,36,1764.3917599867623,2.0568835080996024
2022,1,0,2,3,48,490.70551171717045,1.0566901978077123
2022,1,1,2,1,22,1748.334239799225,1.2680410425531772
2022,1,1,1,2,36,1515.974741824317,1.866146354320311
2019,1,0,1,2,51,327.6465021455778,1.5429835464114412
2019,1,1,2,1,27,682.4605637681916,0.9005640024412658
2019,1,1,2,3,42,2529.7520731898944,0.9273410060521208
2022,1,0,1,3,19,551.7991537706736,1.5453619704069992
2019,1,1,1,1,28,792.2817047462457,2.393207445688752
2022,1,1,1,1,48,1515.4119956190566,2.744911617119471
2019,1,0,1,2,32,1897.6534138166478,0.7103191556484572
2022,1,1,1,1,26,919.5852744525894,1.4827597688985026
2019,1,1,2,3,40,721.7962260837361,0.7506139093071915
2019,1,0,2,1,36,2968.04540748754,0.5414812015814947
2022,1,1,2,2,26,3704.226576506489,2.1542967066098915
2022,1,1,2,2,52,2175.9064940045214,2.0061236049164695
2022,1,0,1,2,38,1164.1223096563285,0.9075477845372155
2022,1,0,1,2,26,622.7928720272215,1.0845320827326603
2022,1,1,1,2,45,613.1986315922226,0.5592693841112959
2019,1,1,2,1,63,1580.916266886858,2.5873680142360094
2022,1,1,2,1,24,1469.7957942134542,2.9367264901213788
2019,1,1,1,1,33,2925.2025790496546,0.8386488419867271
2019,1,1,1,1,33,1729.0286654877036,1.0786880344132452
2019,1,1,2,2,50,382.926777242339,2.671023809867335
2019,1,0,2,3,21,2290.128783735363,2.8161594948904622
2019,1,1,1,1,21,545.3117016898397,1.549068457017026
2022,1,1,1,3,56,838.1693007683411,0.6265561806726854
2022,1,0,2,1,57,1306.543192840337,0.5984795842320485
2019,1,1,1,1,34,4433.600304765941,1.9348746651725262
2019,1,1,1,3,54,9671.54152817162,1.4822377722329476
2022,1,1,1,2,56,1676.906727136406,0.5716310689441363
2022,1,0,2,1,46,964.647130794401,1.9581309807813918
2019,1,1,2,1,53,1594.24245720819,0.5282563414725562
2022,1,1,2,1,55,2041.334006977977,2.4684298953731822
2022,1,1,2,3,56,876.1459285014548,1.266082056758429
2022,1,1,2,2,54,3853.15645236285,0.6006450075230803
2019,1,1,2,3,52,1288.2622954073659,1.9708805524578832
2022,1,0,2,3,24,1553.7399310164321,1.4942110360826368
2019,1,1,1,2,44,1747.8591522239951,2.934501033392874
2019,1,0,1,3,45,1473.0798549195972,1.8604966562592555
2019,1,1,1,2,39,1972.8970994994072,1.1880979525925208
2019,1,0,1,1,31,711.8895474678211,2.273597161584937
2019,1,1,1,2,24,741.8809401233152,1.1787300063567783
2022,1,1,1,1,54,507.7006676089131,2.7606082285189126
2019,1,1,1,3,39,1491.668933096746,1.436804926268441
2019,1,0,2,3,22,1891.7461160215084,1.874671406940513
2019,1,1,2,1,19,1510.870126116537,0.6264327595605721
2022,1,1,1,3,44,3540.9300703008053,1.5653030948805768
2022,1,0,1,2,38,1092.3458152671242,2.5809088491524874
2022,1,1,2,1,55,1751.3096508036624,2.514122013408355
2022,1,0,1,3,32,510.7138161789477,1.0607963971338157
2022,1,0,1,1,38,836.3358009966881,1.0651976775264067
2022,1,1,2,2,27,1784.46946276561,2.543263280533092
2022,1,1,1,2,40,1986.980596976915,2.825996050423314
2019,1,1,2,3,56,892.6755032642133,0.7384023031825089
2019,1,0,1,2,22,1043.0251039547286,1.625146598565563
2022,1,0,2,1,18,378.98187371281483,1.3436356974105723
2019,1,1,2,2,30,854.1267136621148,2.6767211386435985
2019,1,0,2,1,38,2045.2354871007467,0.7088122867000469
2022,1,1,1,1,43,1640.3148945758269,1.0278148563950935
2019,1,0,2,2,62,1556.921892147074,2.3811708439662356
2019,1,0,1,3,38,1135.51501081996,0.628234622453039
2022,1,1,1,2,35,1102.068570035441,1.731338451785723
2019,1,0,1,1,54,690.74809254145,1.6052675866993
2022,1,1,1,1,62,1788.5846614429993,1.3360029474718718
2022,1,0,2,2,49,1472.4472052641772,1.4864307882973096
2019,1,1,2,3,53,1547.5266002621488,1.8248514673255825
2019,1,1,1,3,34,758.8283584580121,0.9034183959709579
2019,1,1,1,1,52,242.90245818035692,1.929989695708982
2022,1,1,2,1,28,2363.755385231201,2.5135808232499657
2022,1,0,1,3,38,784.3173964182922,2.4004023244753974
2022,1,0,2,2,43,599.4766143821282,0.8847497617344342
2019,1,0,1,1,21,1781.899552041848,0.8731236743536848
2019,1,1,1,1,51,833.4645352176327,1.1704359193622833
2022,1,1,2,3,35,2302.97137161246,1.4026868158525931
2019,1,0,1,2,57,1689.02068682284,1.5211389535212065
2019,1,0,2,3,52,1769.5817996024352,2.199243042083363
2022,1,1,1,2,58,421.50473124507073,0.6417010804145885
2022,1,1,1,2,46,2561.531984090802,0.586681760565166
2019,1,0,1,2,46,1316.6887903241116,1.4797764073597726
2022,1,1,2,1,55,846.8351118223713,2.242909230344951
2019,1,0,1,3,59,1212.4179217758258,0.9835883573912064
2022,1,1,1,3,38,316.28235305871823,2.103761203140629
2022,1,1,1,2,59,1459.8032831215376,1.1495703448507486
2022,1,1,1,1,30,533.4897961262332,2.7152152720337908
2019,1,1,2,1,58,425.4429238102061,2.7392248606665413
2019,1,1,2,3,34,377.79380963906516,1.2432180107033162
2022,1,0,1,1,26,2389.601423224791,1.0749843849081013
2022,1,0,2,1,58,705.9296766694148,1.5282599301655782
2022,1,1,1,2,18,3208.6622892352566,1.1013289629503717
2019,1,0,1,1,19,753.6582198090798,2.180959608229259
2022,1,0,1,2,46,331.90521450825725,2.5651617113707137
2022,1,1,2,3,50,501.91605873563907,2.1827303272780423
2022,1,1,2,1,27,2604.6878871233844,2.5608761181233737
2022,1,0,2,3,57,983.2577324386004,1.4924804055186853
2019,1,0,2,3,38,747.0998860484497,0.8907924267721521
2019,1,0,2,1,45,1226.6139402717713,2.3448773684939805
2022,1,1,2,1,28,1558.1397415518422,1.4011862628538847
2019,1,0,2,3,51,2397.4936810953013,2.178177063072831
2019,1,1,2,1,25,3022.8321258195106,1.1766098549544142
2019,1,1,2,2,39,852.4903998725025,0.7030740870166816
2022,1,0,1,2,25,433.4457393929235,2.9814544887194083
2019,1,1,2,1,32,821.0421001214004,0.8905037698264981
2019,1,0,2,3,34,1315.7950393856174,2.9710524849087028
2019,1,0,2,1,40,558.563746998296,2.943199831416118
2022,1,0,2,1,41,561.1534286993775,2.484545259770099
2022,1,1,2,3,62,1395.0025428494052,2.148557405204994
2019,1,1,2,3,36,1059.914320265176,1.9445176256277117
2019,1,1,2,2,22,1122.1007721366766,2.665253863444587
2022,1,1,2,3,49,644.8729145712176,1.2235988040487198
2022,1,0,2,2,61,933.2932872492025,1.6692030312121926
2019,1,1,2,3,18,574.2338967874198,2.0484749234162547
2019,1,0,2,1,40,2044.971000695482,1.5279761896737276
2022,1,0,1,2,54,2263.515770834135,1.56871613522567
2022,1,1,1,2,25,301.1680746449535,1.325711668755211
2019,1,1,2,2,30,572.1163603435378,1.91057954171134
2022,1,1,2,1,25,384.68680950893526,2.62643632003779
2019,1,1,1,1,40,695.7450222808122,1.0038209450157822
